<?xml version="1.0" encoding="UTF-8"?>
<metadata xml:lang="en"><Esri><CreaDate>20121121</CreaDate><CreaTime>16200800</CreaTime><ArcGISFormat>1.0</ArcGISFormat><ArcGISstyle>FGDC CSDGM Metadata</ArcGISstyle><SyncOnce>TRUE</SyncOnce><DataProperties><lineage><Process ToolSource="c:\program files (x86)\arcgis\desktop10.0\ArcToolbox\Toolboxes\Data Management Tools.tbx\AddField" Date="20121121" Time="161609">AddField GP_Lines_Buffer_LinkGP DistFromGP LONG # # # # NON_NULLABLE NON_REQUIRED #</Process><Process ToolSource="C:\Program Files (x86)\ArcGIS\Desktop10.0\ArcToolbox\Toolboxes\Data Management Tools.tbx\CalculateField" Date="20121121" Time="161638">CalculateField GP_Lines_Buffer_LinkGP DistFromGP "[MaxDist] + [BUFF_DIST]" VB #</Process></lineage></DataProperties></Esri></metadata>
